city,pearson_r,pearson_p,spearman_rho,spearman_p,n
Cần Thơ,0.0488,0.0005519933842065025,0.0552,9.222113035419263e-05,5015
Huế,0.0948,1.7454106750590826e-11,0.0896,2.0873491926073556e-10,5010
Hà Nội,-0.146,1.320091909794707e-22,-0.1573,4.9018087289533174e-26,4447
Hải Phòng,-0.0387,0.006108042513118926,-0.0332,0.018717396141510342,5010
Hồ Chí Minh,-0.1579,3.781608124098619e-26,-0.1222,3.163410185061978e-16,4434
Nha Trang,-0.0306,0.03021200458519012,0.1252,5.921465036033477e-19,5011
Vinh,-0.0335,0.017824055269806606,-0.0186,0.1884930499268999,5013
__ALL__,-0.0538,5.223236580377896e-26,-0.011,0.03068288502109201,38383
Đà Nẵng,0.095,2.2541695329943442e-10,0.0595,7.290192049087074e-05,4443
